Designator,Value,Package,X,Y,Rotation,Layer
REF**,R_0603_1608Metric,R_0603_1608Metric,75.0750,6.5000,0.00,Top
REF**,R_0805_2012Metric,R_0805_2012Metric,67.6322,22.1820,-162.00,Top
REF**,C_0603_1608Metric,C_0603_1608Metric,81.2250,10.5000,0.00,Top
REF**,R_0603_1608Metric,R_0603_1608Metric,75.1750,2.6000,0.00,Top
REF**,R_0805_2012Metric,R_0805_2012Metric,18.3875,7.1000,0.00,Top
REF**,R_0402_1005Metric,R_0402_1005Metric,86.6750,6.6000,0.00,Top
REF**,LED_0805_2012Metric,LED_0805_2012Metric,68.5625,28.5000,0.00,Top
REF**,C_0603_1608Metric,C_0603_1608Metric,81.2250,6.6000,0.00,Top
REF**,R_1206_3216Metric,R_1206_3216Metric,4.5625,7.3000,0.00,Top
REF**,LED_0805_2012Metric,LED_0805_2012Metric,64.6415,16.5510,36.00,Top
REF**,R_0805_2012Metric,R_0805_2012Metric,18.3875,11.7000,0.00,Top
REF**,R_0603_1608Metric,R_0603_1608Metric,75.0750,10.4000,0.00,Top
REF**,R_0402_1005Metric,R_0402_1005Metric,86.6750,2.7000,0.00,Top
REF**,R_1206_3216Metric,R_1206_3216Metric,4.4625,11.8000,0.00,Top
REF**,C_0805_2012Metric,C_0805_2012Metric,11.7500,11.6000,0.00,Top
REF**,C_0805_2012Metric,C_0805_2012Metric,11.8500,2.4000,0.00,Top
REF**,R_0805_2012Metric,R_0805_2012Metric,48.2000,8.1125,90.00,Top
REF**,C_0603_1608Metric,C_0603_1608Metric,81.3250,2.7000,0.00,Top
REF**,R_0805_2012Metric,R_0805_2012Metric,60.2636,11.8382,-126.00,Top
REF**,C_0805_2012Metric,C_0805_2012Metric,11.8500,7.0000,0.00,Top
REF**,R_0805_2012Metric,R_0805_2012Metric,18.3875,2.4000,0.00,Top
REF**,R_0402_1005Metric,R_0402_1005Metric,86.5900,10.5000,0.00,Top
REF**,R_1206_3216Metric,R_1206_3216Metric,4.6375,2.7000,0.00,Top
REF**,LED_0805_2012Metric,LED_0805_2012Metric,54.3103,9.1916,72.00,Top
